PatientNumber,Hospital,DateOfBirth,Gender,PatientDeceased,DateofDeath,PlaceOfBirth,EthnicOrigin,Nationality,LastName,FirstName,Title,MothersName,MothersPreName,FathersName,FathersPreName,FamilyDoctor,NationalID,FileDateCreation
37,Hopital 1,1941-01-28 00:00:00,F,,,,,France,Nom1,Prenom1,,,,,,,1015093485,
53,Hopital 1,1973-11-27 00:00:00,F,,,,,France,Nom2,Prenom2,,,,,,,1056399247,
91,Hopital 1,1954-05-22 00:00:00,F,,,,,France,Nom3,Prenom3,,,,,,,1025596816,
112,Hopital 1,1965-09-02 00:00:00,F,,,,,France,Nom4,Prenom4,,,,,,,1048651846,
146,Hopital 1,1967-04-10 00:00:00,F,,,,,France,Nom5,Prenom5,,,,,,,1023389800,
189,Hopital 1,1932-12-17 00:00:00,F,,,,,France,Nom6,Prenom6,,,,,,,1058391564,
284,Hopital 1,1969-09-19 00:00:00,F,,,,,France,Nom7,Prenom7,,,,,,,,
303,Hopital 1,1989-05-02 00:00:00,F,,,,,Iceland,Nom8,Prenom8,,,,,,,1023665544,
309,Hopital 1,1980-11-14 00:00:00,F,,,,,France,Nom9,Prenom9,,,,,,,1032972398,
319,Hopital 1,1977-09-14 00:00:00,M,,,,,France,Nom10,Prenom10,,,,,,,1050945243,
322,Hopital 1,1966-07-07 00:00:00,F,,,,,France,Nom11,Prenom11,,,,,,,1021044092,
382,Hopital 1,1988-10-18 00:00:00,F,,,,,France,Nom12,Prenom12,,,,,,,1055840902,
417,Hopital 1,1965-07-10 00:00:00,M,,,,,France,Nom13,Prenom13,,,,,,,1033500412,
424,Hopital 1,1994-08-15 00:00:00,F,,,,,France,Nom14,Prenom14,,,,,,,1083493765,
459,Hopital 1,1986-06-25 00:00:00,F,,,,,France,Nom15,Prenom15,,,,,,,1014728974,
566,Hopital 1,1981-08-08 00:00:00,M,,,,,France,Nom16,Prenom16,,,,,,,1022271280,
575,Hopital 1,1994-10-16 00:00:00,F,,,,,France,Nom17,Prenom17,,,,,,,1083493088,
584,Hopital 1,1992-02-02 00:00:00,F,,,,,France,Nom18,Prenom18,,,,,,,,
607,Hopital 1,1967-04-09 00:00:00,F,,,,,France,Nom19,Prenom19,,,,,,,1021247844,
670,Hopital 1,1979-12-13 00:00:00,F,,,,,France,Nom20,Prenom20,,,,,,,1024050427,
679,Hopital 1,1994-10-03 00:00:00,F,,,,,France,Nom21,Prenom21,,,,,,,1083378719,
724,Hopital 1,1979-08-12 00:00:00,F,,,,,France,Nom22,Prenom22,,,,,,,1014719427,
733,Hopital 1,1984-03-19 00:00:00,F,,,,,France,Nom23,Prenom23,,,,,,,1000422764,
773,Hopital 1,1942-01-11 00:00:00,F,,,,,France,Nom24,Prenom24,,,,,,,1038032155,
777,Hopital 1,1975-04-27 00:00:00,F,,,,,France,Nom25,Prenom25,,,,,,,1011215547,
805,Hopital 1,1984-09-26 00:00:00,F,,,,,France,Nom26,Prenom26,,,,,,,1,
37,Hopital 1,1941-01-28 00:00:00,F,,,,,France,Nom27,Prenom27,,,,,,,1015093485,
821,Hopital 1,1996-02-11 00:00:00,F,,,,,France,Nom28,Prenom28,,,,,,,1083530475,
938,Hopital 1,1985-08-14 00:00:00,F,,,,,France,Nom29,Prenom29,,,,,,,1023925900,
943,Hopital 1,1979-01-22 00:00:00,F,,,,,France,Nom30,Prenom30,,,,,,,1014156671,
948,Hopital 1,1973-02-02 00:00:00,F,,,,,France,Nom31,Prenom31,,,,,,,1,
967,Hopital 1,1982-12-26 00:00:00,F,,,,,France,Nom32,Prenom32,,,,,,,1045808530,
991,Hopital 1,1964-02-23 00:00:00,F,,,,,Jordan,Nom33,Prenom33,,,,,,,2022381723,
1019,Hopital 1,1941-01-28 00:00:00,M,,,,,France,Nom34,Prenom34,,,,,,,1041198498,
1117,Hopital 1,1977-12-11 00:00:00,F,,,,,France,Nom35,Prenom35,,,,,,,1085664363,
1119,Hopital 1,1994-09-30 00:00:00,F,,,,,France,Nom36,Prenom36,,,,,,,1083529899,
1130,Hopital 1,1942-01-15 00:00:00,M,,,,,France,Nom37,Prenom37,,,,,,,1028615076,
1143,Hopital 1,1994-10-11 00:00:00,F,,,,,France,Nom38,Prenom38,,,,,,,1143,
1152,Hopital 1,1987-02-12 00:00:00,F,,,,,France,Nom39,Prenom39,,,,,,,1035856234,
1168,Hopital 1,1985-03-11 00:00:00,F,,,,,France,Nom40,Prenom40,,,,,,,1015222522,
1180,Hopital 1,1987-08-25 00:00:00,F,,,,,France,Nom41,Prenom41,,,,,,,1085743819,
1197,Hopital 1,1927-04-12 00:00:00,F,,,,,France,Nom42,Prenom42,,,,,,,1028046975,
1202,Hopital 1,1992-02-25 00:00:00,F,,,,,France,Nom43,Prenom43,,,,,,,1083844884,
1209,Hopital 1,1980-07-12 00:00:00,F,,,,,France,Nom44,Prenom44,,,,,,,1071641268,
1253,Hopital 1,1995-07-12 00:00:00,F,,,,,France,Nom45,Prenom45,,,,,,,1086618830,
1292,Hopital 1,1994-09-30 00:00:00,M,,,,,France,Nom46,Prenom46,,,,,,,1083257194,
1355,Hopital 1,1980-07-21 00:00:00,F,,,,,France,Nom47,Prenom47,,,,,,,1,
1356,Hopital 1,1967-03-09 00:00:00,M,,,,,France,Nom48,Prenom48,,,,,,,1034309706,
1392,Hopital 1,1973-02-03 00:00:00,F,,,,,France,Nom49,Prenom49,,,,,,,1014654154,
1436,Hopital 1,1969-01-03 00:00:00,F,,,,,France,Nom50,Prenom50,,,,,,,1040737866,
1527,Hopital 1,1987-10-24 00:00:00,M,,,,,France,Nom51,Prenom51,,,,,,,1048427866,
1608,Hopital 1,1994-09-20 00:00:00,F,,,,,France,Nom52,Prenom52,,,,,,,1083128056,
1714,Hopital 1,1994-10-31 00:00:00,F,,,,,France,Nom53,Prenom53,,,,,,,1083128858,
1742,Hopital 1,1991-12-28 00:00:00,M,,,,,France,Nom54,Prenom54,,,,,,,1078450705,
1829,Hopital 1,1941-05-08 00:00:00,M,,,,,France,Nom55,Prenom55,,,,,,,1030111981,
1892,Hopital 1,1963-09-27 00:00:00,F,,,,,France,Nom56,Prenom56,,,,,,,,
1931,Hopital 1,2003-10-28 00:00:00,F,,,,,France,Nom57,Prenom57,,,,,,,1234567889,
2022,Hopital 1,1984-10-26 00:00:00,F,,,,,France,Nom58,Prenom58,,,,,,,1067902930,
2044,Hopital 1,1986-09-24 00:00:00,F,,,,,France,Nom59,Prenom59,,,,,,,1046783963,
2066,Hopital 1,1994-09-19 00:00:00,M,,,,,France,Nom60,Prenom60,,,,,,,2066,
2138,Hopital 1,2006-01-30 00:00:00,F,,,,,France,Nom61,Prenom61,,,,,,,8852,
2227,Hopital 1,1988-09-20 00:00:00,F,,,,,France,Nom62,Prenom62,,,,,,,1071006678,
2276,Hopital 1,1947-04-07 00:00:00,M,,,,,France,Nom63,Prenom63,,,,,,,1039437411,
2321,Hopital 1,1983-10-27 00:00:00,F,,,,,France,Nom64,Prenom64,,,,,,,1053560916,
2427,Hopital 1,1984-04-30 00:00:00,M,,,,,France,Nom65,Prenom65,,,,,,,1022884223,
2505,Hopital 1,1990-04-28 00:00:00,F,,,,,France,Nom66,Prenom66,,,,,,,1067771749,
2592,Hopital 1,1994-02-14 00:00:00,M,,,,,France,Nom67,Prenom67,,,,,,,1080494808,
2610,Hopital 1,1988-08-13 00:00:00,F,,,,,France,Nom68,Prenom68,,,,,,,1,
2618,Hopital 1,1994-10-04 00:00:00,M,,,,,France,Nom69,Prenom69,,,,,,,1082886647,
2702,Hopital 1,1984-01-04 00:00:00,F,,,,,Algerie,Nom70,Prenom70,,,,,,,1042013738,
2708,Hopital 1,1942-07-14 00:00:00,F,,,,,France,Nom71,Prenom71,,,,,,,1057913889,
2715,Hopital 1,1965-10-25 00:00:00,M,,,,,France,Nom72,Prenom72,,,,,,,1039154172,
2717,Hopital 1,1940-10-16 00:00:00,F,,,,,France,Nom73,Prenom73,,,,,,,1024273524,
2742,Hopital 1,1984-05-14 00:00:00,F,,,,,France,Nom74,Prenom74,,,,,,,2742,
2759,Hopital 1,1975-05-15 00:00:00,M,,,,,France,Nom75,Prenom75,,,,,,,1,
2817,Hopital 1,1949-02-11 00:00:00,M,,,,,France,Nom76,Prenom76,,,,,,,1000422715,
2837,Hopital 1,1990-09-25 00:00:00,F,,,,,France,Nom77,Prenom77,,,,,,,1082770411,
2899,Hopital 1,1983-06-13 00:00:00,M,,,,,France,Nom78,Prenom78,,,,,,,1043129152,
2934,Hopital 1,2001-01-01 00:00:00,F,,,,,France,Nom79,Prenom79,,,,,,,,
2962,Hopital 1,1989-01-18 00:00:00,F,,,,,Algerie,Nom80,Prenom80,,,,,,,1063850984,
3237,Hopital 1,1980-11-08 00:00:00,F,,,,,France,Nom81,Prenom81,,,,,,,1036748034,
3268,Hopital 1,1984-06-12 00:00:00,M,,,,,France,Nom82,Prenom82,,,,,,,1024763847,
3269,Hopital 1,1985-10-10 00:00:00,F,,,,,Italie,Nom83,Prenom83,,,,,,,1034119642,
3330,Hopital 1,1973-04-13 00:00:00,F,,,,,France,Nom84,Prenom84,,,,,,,1022022261,
3461,Hopital 1,1985-12-18 00:00:00,F,,,,,France,Nom85,Prenom85,,,,,,,1020418537,
3535,Hopital 1,1948-11-29 00:00:00,F,,,,,France,Nom86,Prenom86,,,,,,,1014042772,
3634,Hopital 1,1994-08-05 00:00:00,F,,,,,France,Nom87,Prenom87,,,,,,,1082489442,
3713,Hopital 1,1971-04-22 00:00:00,F,,,,,France,Nom88,Prenom88,,,,,,,2,
3724,Hopital 1,1974-01-24 00:00:00,F,,,,,France,Nom89,Prenom89,,,,,,,1071706863,
3790,Hopital 1,1962-12-21 00:00:00,M,,,,,France,Nom90,Prenom90,,,,,,,1028248324,
3820,Hopital 1,1968-09-16 00:00:00,F,,,,,France,Nom91,Prenom91,,,,,,,1044676748,
3828,Hopital 1,1994-08-03 00:00:00,M,,,,,France,Nom92,Prenom92,,,,,,,1082405596,
3875,Hopital 1,1987-08-25 00:00:00,M,,,,,France,Nom93,Prenom93,,,,,,,1069257556,
3911,Hopital 1,1994-06-09 00:00:00,F,,,,,France,Nom94,Prenom94,,,,,,,1082592229,
3926,Hopital 1,1976-05-05 00:00:00,F,,,,,France,Nom95,Prenom95,,,,,,,1063518151,
3930,Hopital 1,2003-03-04 00:00:00,F,,,,,France,Nom96,Prenom96,,,,,,,1082092691,
3976,Hopital 1,1990-12-25 00:00:00,F,,,,,France,Nom97,Prenom97,,,,,,,1073085035,
4000,Hopital 1,1964-05-12 00:00:00,F,,,,,France,Nom98,Prenom98,,,,,,,1,
1527,Hopital 1,1987-10-24 00:00:00,M,,,,,France,Nom99,Prenom99,,,,,,,1048427866,
4095,Hopital 1,1981-10-28 00:00:00,F,,,,,France,Nom100,Prenom100,,,,,,,1037705900,
4096,Hopital 1,1989-08-09 00:00:00,F,,,,,France,Nom101,Prenom101,,,,,,,1061654289,
4198,Hopital 1,1976-08-05 00:00:00,F,,,,,France,Nom102,Prenom102,,,,,,,1043781127,
4255,Hopital 1,1993-11-26 00:00:00,M,,,,,France,Nom103,Prenom103,,,,,,,1080566944,
4261,Hopital 1,1978-11-30 00:00:00,F,,,,,France,Nom104,Prenom104,,,,,,,1049006354,
4297,Hopital 1,1982-03-27 00:00:00,M,,,,,France,Nom105,Prenom105,,,,,,,1020426159,
4397,Hopital 1,1984-06-18 00:00:00,M,,,,,France,Nom106,Prenom106,,,,,,,1046392948,
4427,Hopital 1,1983-09-25 00:00:00,F,,,,,France,Nom107,Prenom107,,,,,,,1062086598,
4517,Hopital 1,1962-05-28 00:00:00,F,,,,,Jordan,Nom108,Prenom108,,,,,,,,
4528,Hopital 1,1974-02-02 00:00:00,M,,,,,France,Nom109,Prenom109,,,,,,,,
4555,Hopital 1,1966-07-31 00:00:00,F,,,,,France,Nom110,Prenom110,,,,,,,1009242460,
4555,Hopital 1,1966-07-31 00:00:00,F,,,,,France,Nom111,Prenom111,,,,,,,1011551211,
4563,Hopital 1,1991-01-20 00:00:00,M,,,,,France,Nom112,Prenom112,,,,,,,1073084830,
4677,Hopital 1,1977-08-22 00:00:00,M,,,,,Frnce,Nom113,Prenom113,,,,,,,1042010205,
4883,Hopital 1,1948-11-04 00:00:00,M,,,,,France,Nom114,Prenom114,,,,,,,1024573980,
4919,Hopital 1,1991-11-20 00:00:00,M,,,,,France,Nom115,Prenom115,,,,,,,1074459817,
4922,Hopital 1,1989-12-14 00:00:00,F,,,,,France,Nom116,Prenom116,,,,,,,1075745909,
5008,Hopital 1,1985-12-05 00:00:00,F,,,,,France,Nom117,Prenom117,,,,,,,1013991037,
5031,Hopital 1,1988-09-10 00:00:00,F,,,,,France,Nom118,Prenom118,,,,,,,1059954857,
5046,Hopital 1,1998-07-24 00:00:00,F,,,,,France,Nom119,Prenom119,,,,,,,1094390976,
5080,Hopital 1,1984-08-17 00:00:00,M,,,,,France,Nom120,Prenom120,,,,,,,1049115270,
5090,Hopital 1,1986-09-24 00:00:00,F,,,,,France,Nom121,Prenom121,,,,,,,1027418241,
5190,Hopital 1,1994-01-09 00:00:00,F,,,,,France,Nom122,Prenom122,,,,,,,1082073691,
5243,Hopital 1,1979-08-15 00:00:00,M,,,,,France,Nom123,Prenom123,,,,,,,1023389818,
5357,Hopital 1,1995-03-11 00:00:00,F,,,,,France,Nom124,Prenom124,,,,,,,1091958254,
5369,Hopital 1,1982-09-04 00:00:00,M,,,,,France,Nom125,Prenom125,,,,,,,1036213112,
5407,Hopital 1,1975-12-26 00:00:00,F,,,,,France,Nom126,Prenom126,,,,,,,1056290495,
5480,Hopital 1,1987-12-13 00:00:00,F,,,,,France,Nom127,Prenom127,,,,,,,1052100045,
5483,Hopital 1,1983-09-18 00:00:00,F,,,,,France,Nom128,Prenom128,,,,,,,1055099236,
5552,Hopital 1,1991-01-17 00:00:00,F,,,,,France,Nom129,Prenom129,,,,,,,1070055049,
5569,Hopital 1,1949-06-17 00:00:00,M,,,,,France,Nom130,Prenom130,,,,,,,1025217736,
5585,Hopital 1,1988-04-06 00:00:00,F,,,,,France,Nom131,Prenom131,,,,,,,1056802356,
5600,Hopital 1,1970-01-08 00:00:00,M,,,,,France,Nom132,Prenom132,,,,,,,1015202805,
5805,Hopital 1,1991-09-17 00:00:00,F,,,,,France,Nom133,Prenom133,,,,,,,1073078188,
5850,Hopital 1,1995-05-01 00:00:00,F,,,,,France,Nom134,Prenom134,,,,,,,,
5875,Hopital 1,1988-05-01 00:00:00,F,,,,,France,Nom135,Prenom135,,,,,,,1057911982,
5896,Hopital 1,1998-10-19 00:00:00,M,,,,,France,Nom136,Prenom136,,,,,,,1101348850,
5928,Hopital 1,1976-09-08 00:00:00,M,,,,,France,Nom137,Prenom137,,,,,,,1022220659,
5947,Hopital 1,1992-07-10 00:00:00,F,,,,,France,Nom138,Prenom138,,,,,,,,
5963,Hopital 1,1987-05-22 00:00:00,M,,,,,France,Nom139,Prenom139,,,,,,,1073611038,
6005,Hopital 1,1948-01-23 00:00:00,M,,,,,France,Nom140,Prenom140,,,,,,,1041604107,
6019,Hopital 1,1994-04-23 00:00:00,M,,,,,France,Nom141,Prenom141,,,,,,,1081950048,
6026,Hopital 1,1973-12-25 00:00:00,M,,,,,France,Nom142,Prenom142,,,,,,,1023960675,
6032,Hopital 1,1977-07-10 00:00:00,F,,,,,France,Nom143,Prenom143,,,,,,,16104703,
6168,Hopital 1,1956-02-04 00:00:00,M,,,,,France,Nom144,Prenom144,,,,,,,1015425687,
6180,Hopital 1,1979-10-20 00:00:00,F,,,,,France,Nom145,Prenom145,,,,,,,1029085170,
6214,Hopital 1,1982-01-09 00:00:00,F,,,,,France,Nom146,Prenom146,,,,,,,1034237576,
6250,Hopital 1,1983-10-07 00:00:00,F,,,,,France,Nom147,Prenom147,,,,,,,1042693190,
6288,Hopital 1,1982-05-11 00:00:00,F,,,,,France,Nom148,Prenom148,,,,,,,1024443135,
6294,Hopital 1,1978-05-23 00:00:00,F,,,,,France,Nom149,Prenom149,,,,,,,1035668522,
6305,Hopital 1,1941-01-28 00:00:00,F,,,,,France,Nom150,Prenom150,,,,,,,1069490272,
6320,Hopital 1,1952-09-13 00:00:00,M,,,,,France,Nom151,Prenom151,,,,,,,1061235717,
6361,Hopital 1,1971-07-03 00:00:00,M,,,,,France,Nom152,Prenom152,,,,,,,1120365232,
6449,Hopital 1,1977-03-10 00:00:00,M,,,,,France,Nom153,Prenom153,,,,,,,1016134155,
6481,Hopital 1,1982-10-10 00:00:00,M,,,,,France,Nom154,Prenom154,,,,,,,1015410093,
4563,Hopital 1,1991-01-20 00:00:00,M,,,,,France,Nom155,Prenom155,,,,,,,1073084830,
4677,Hopital 1,1977-08-22 00:00:00,M,,,,,France,Nom156,Prenom156,,,,,,,1042010205,
4883,Hopital 1,1948-11-04 00:00:00,M,,,,,France,Nom157,Prenom157,,,,,,,1024573980,
4919,Hopital 1,1991-11-20 00:00:00,M,,,,,France,Nom158,Prenom158,,,,,,,1074459817,
4922,Hopital 1,1989-12-14 00:00:00,F,,,,,France,Nom159,Prenom159,,,,,,,1075745909,
5008,Hopital 1,1985-12-05 00:00:00,F,,,,,France,Nom160,Prenom160,,,,,,,1013991037,
5031,Hopital 1,1988-09-10 00:00:00,F,,,,,France,Nom161,Prenom161,,,,,,,1059954857,
6484,Hopital 1,1995-09-25 00:00:00,F,,,,,France,Nom162,Prenom162,,,,,,,1061224963,
6214,Hopital 1,1982-01-09 00:00:00,F,,,,,France,Nom163,Prenom163,,,,,,,1034237576,
6619,Hopital 1,1986-09-04 00:00:00,F,,,,,France,Nom164,Prenom164,,,,,,,,
6675,Hopital 1,1977-12-11 00:00:00,M,,,,,France,Nom165,Prenom165,,,,,,,1002464830,
6703,Hopital 1,1955-08-19 00:00:00,M,,,,,France,Nom166,Prenom166,,,,,,,10,
6703,Hopital 1,1955-08-19 00:00:00,M,,,,,France,Nom167,Prenom167,,,,,,,1032602177,
6770,Hopital 1,1993-06-20 00:00:00,F,,,,,France,Nom168,Prenom168,,,,,,,1081606582,
6776,Hopital 1,1917-10-28 00:00:00,M,,,,,France,Nom169,Prenom169,,,,,,,1028219762,
6798,Hopital 1,1992-04-23 00:00:00,F,,,,,France,Nom170,Prenom170,,,,,,,1078428418,
6821,Hopital 1,1983-09-24 00:00:00,M,,,,,France,Nom171,Prenom171,,,,,,,1015000118,
6913,Hopital 1,1964-08-16 00:00:00,M,,,,,France,Nom172,Prenom172,,,,,,,,
7006,Hopital 1,1984-09-26 00:00:00,M,,,,,France,Nom173,Prenom173,,,,,,,1022687873,
7113,Hopital 1,1985-09-22 00:00:00,F,,,,,France,Nom174,Prenom174,,,,,,,1051022331,
7144,Hopital 1,1988-05-05 00:00:00,M,,,,,France,Nom175,Prenom175,,,,,,,1048513277,
7176,Hopital 1,1941-01-28 00:00:00,M,,,,,France,Nom176,Prenom176,,,,,,,1022605800,
7272,Hopital 1,1964-05-12 00:00:00,F,,,,,Egypt,Nom177,Prenom177,,,,,,,1,
7275,Hopital 1,1952-05-19 00:00:00,F,,,,,France,Nom178,Prenom178,,,,,,,252125421,
7308,Hopital 1,1985-04-02 00:00:00,F,,,,,France,Nom179,Prenom179,,,,,,,10,
7316,Hopital 1,1988-12-25 00:00:00,F,,,,,France,Nom180,Prenom180,,,,,,,1061669816,
7345,Hopital 1,1979-07-12 00:00:00,M,,,,,France,Nom181,Prenom181,,,,,,,1027812369,
7363,Hopital 1,1979-10-16 00:00:00,F,,,,,France,Nom182,Prenom182,,,,,,,1020874044,
7397,Hopital 1,1993-10-21 00:00:00,F,,,,,Frnce,Nom183,Prenom183,,,,,,,1104569577,
7488,Hopital 1,1994-08-18 00:00:00,F,,,,,France,Nom184,Prenom184,,,,,,,1081606723,
7605,Hopital 1,1978-12-24 00:00:00,F,,,,,France,Nom185,Prenom185,,,,,,,1021413040,
7620,Hopital 1,1985-06-18 00:00:00,F,,,,,France,Nom186,Prenom186,,,,,,,1037826656,
7733,Hopital 1,1980-05-27 00:00:00,M,,,,,France,Nom187,Prenom187,,,,,,,1024663898,
7839,Hopital 1,1987-08-25 00:00:00,M,,,,,France,Nom188,Prenom188,,,,,,,1,
7844,Hopital 1,1984-09-26 00:00:00,F,,,,,France,Nom189,Prenom189,,,,,,,1015867219,
7902,Hopital 1,1995-11-09 00:00:00,F,,,,,France,Nom190,Prenom190,,,,,,,1081436188,
7926,Hopital 1,1987-08-25 00:00:00,M,,,,,Frnce,Nom191,Prenom191,,,,,,,1048406852,
7955,Hopital 1,1973-02-03 00:00:00,M,,,,,France,Nom192,Prenom192,,,,,,,1029637830,
8069,Hopital 1,1966-11-13 00:00:00,F,,,,,France,Nom193,Prenom193,,,,,,,1045902044,
8081,Hopital 1,1978-10-12 00:00:00,M,,,,,France,Nom194,Prenom194,,,,,,,1024361097,
8091,Hopital 1,1983-10-08 00:00:00,M,,,,,France,Nom195,Prenom195,,,,,,,1067106771,
8094,Hopital 1,1979-10-19 00:00:00,F,,,,,France,Nom196,Prenom196,,,,,,,1042379915,
8173,Hopital 1,1980-05-17 00:00:00,F,,,,,Espagne,Nom197,Prenom197,,,,,,,1015292541,
8195,Hopital 1,1979-11-20 00:00:00,F,,,,,France,Nom198,Prenom198,,,,,,,1046132641,
8211,Hopital 1,1979-08-26 00:00:00,F,,,,,France,Nom199,Prenom199,,,,,,,1022961666,
8215,Hopital 1,1995-09-13 00:00:00,M,,,,,France,Nom200,Prenom200,,,,,,,1024,
